preserved_path,source_repository,source_url,source_commit,original_path,license,retrieval_date,bytes,sha256
reference-assets/official/Satellite1-Enclosures/DIY Enclosures/Cylindrical Enclosures/Bambu Studio - Sat1 Dev Kit Speaker Enclosure.3mf,Satellite1-Enclosures,https://github.com/FutureProofHomes/Satellite1-Enclosures,6fc46571a72873989bf0e0cd14a2f17f0429ba71,DIY Enclosures/Cylindrical Enclosures/Bambu Studio - Sat1 Dev Kit Speaker Enclosure.3mf,CERN-OHL-S-2.0,2026-07-27,1304978,7a879b0bbe6b8e828f322f9fddf2a7558535a4549514815eff5a3b7f390924ef
reference-assets/official/Satellite1-Enclosures/DIY Enclosures/Cylindrical Enclosures/Geometry Files/STEP/General Parts/(Optional) Dev Kit UFO Base for No Speaker.step,Satellite1-Enclosures,https://github.com/FutureProofHomes/Satellite1-Enclosures,6fc46571a72873989bf0e0cd14a2f17f0429ba71,DIY Enclosures/Cylindrical Enclosures/Geometry Files/STEP/General Parts/(Optional) Dev Kit UFO Base for No Speaker.step,CERN-OHL-S-2.0,2026-07-27,99237,329fc0e8126233feb8a9b712f682313ee3791ef7bec0dc621eaed3316c436289
reference-assets/official/Satellite1-Enclosures/DIY Enclosures/Cylindrical Enclosures/Geometry Files/STEP/General Parts/1.5mm Wire Cover.step,Satellite1-Enclosures,https://github.com/FutureProofHomes/Satellite1-Enclosures,6fc46571a72873989bf0e0cd14a2f17f0429ba71,DIY Enclosures/Cylindrical Enclosures/Geometry Files/STEP/General Parts/1.5mm Wire Cover.step,CERN-OHL-S-2.0,2026-07-27,21789,48a623f9d3ece120c8c6b58bc3ccd652569920253b457cdc0deefbcc03e0be59
reference-assets/official/Satellite1-Enclosures/DIY Enclosures/Cylindrical Enclosures/Geometry Files/STEP/General Parts/1mm Wire Cover.step,Satellite1-Enclosures,https://github.com/FutureProofHomes/Satellite1-Enclosures,6fc46571a72873989bf0e0cd14a2f17f0429ba71,DIY Enclosures/Cylindrical Enclosures/Geometry Files/STEP/General Parts/1mm Wire Cover.step,CERN-OHL-S-2.0,2026-07-27,21764,80cdc8513a00a253240f4bfe568244c7ccc177261a24a14b576652217d4aafa4
reference-assets/official/Satellite1-Enclosures/DIY Enclosures/Cylindrical Enclosures/Geometry Files/STEP/General Parts/2mm Wire Cover.step,Satellite1-Enclosures,https://github.com/FutureProofHomes/Satellite1-Enclosures,6fc46571a72873989bf0e0cd14a2f17f0429ba71,DIY Enclosures/Cylindrical Enclosures/Geometry Files/STEP/General Parts/2mm Wire Cover.step,CERN-OHL-S-2.0,2026-07-27,21781,d30417d4a7164a1fe57f4068647205dea3df21ffdba0efcff5684f0c4078876c
reference-assets/official/Satellite1-Enclosures/DIY Enclosures/Cylindrical Enclosures/Geometry Files/STEP/General Parts/Dev Kit UFO Enclosure.step,Satellite1-Enclosures,https://github.com/FutureProofHomes/Satellite1-Enclosures,6fc46571a72873989bf0e0cd14a2f17f0429ba71,DIY Enclosures/Cylindrical Enclosures/Geometry Files/STEP/General Parts/Dev Kit UFO Enclosure.step,CERN-OHL-S-2.0,2026-07-27,959070,d76f694b60faded54653c9a4e8bd559ef8d6269cf3d0e1773b445992c6c324fc
reference-assets/official/Satellite1-Enclosures/DIY Enclosures/Cylindrical Enclosures/Geometry Files/STEP/General Parts/Lock Ring.step,Satellite1-Enclosures,https://github.com/FutureProofHomes/Satellite1-Enclosures,6fc46571a72873989bf0e0cd14a2f17f0429ba71,DIY Enclosures/Cylindrical Enclosures/Geometry Files/STEP/General Parts/Lock Ring.step,CERN-OHL-S-2.0,2026-07-27,241002,6fbd82c5e36fba166be53762acfa088b9ff9301e5c3088c69611c67d35fa2bd5
reference-assets/official/Satellite1-Enclosures/DIY Enclosures/Cylindrical Enclosures/Geometry Files/STEP/General Parts/Speaker Chamber Threaded.step,Satellite1-Enclosures,https://github.com/FutureProofHomes/Satellite1-Enclosures,6fc46571a72873989bf0e0cd14a2f17f0429ba71,DIY Enclosures/Cylindrical Enclosures/Geometry Files/STEP/General Parts/Speaker Chamber Threaded.step,CERN-OHL-S-2.0,2026-07-27,226322,bfec8e0d80f20a921443453fb1564d7bc4d85ebaef439067fa3374ac4d89e7a6
reference-assets/official/Satellite1-Enclosures/DIY Enclosures/Cylindrical Enclosures/Geometry Files/STEP/General Parts/Speaker Stand.step,Satellite1-Enclosures,https://github.com/FutureProofHomes/Satellite1-Enclosures,6fc46571a72873989bf0e0cd14a2f17f0429ba71,DIY Enclosures/Cylindrical Enclosures/Geometry Files/STEP/General Parts/Speaker Stand.step,CERN-OHL-S-2.0,2026-07-27,129290,bdd314d321cafcc3ba8b1fb61c11878035efe1f546186d8c2c8429a29131ec01
reference-assets/official/Satellite1-Enclosures/DIY Enclosures/Cylindrical Enclosures/Geometry Files/STEP/Speaker - Dayton Audio RS75-4/Speaker Adapter - RS75-4.step,Satellite1-Enclosures,https://github.com/FutureProofHomes/Satellite1-Enclosures,6fc46571a72873989bf0e0cd14a2f17f0429ba71,DIY Enclosures/Cylindrical Enclosures/Geometry Files/STEP/Speaker - Dayton Audio RS75-4/Speaker Adapter - RS75-4.step,CERN-OHL-S-2.0,2026-07-27,176282,79684e4df49c24d3dd3b3e4ee73f6cd88dd694495f15dc3e141bc9355397d515
reference-assets/official/Satellite1-Enclosures/DIY Enclosures/Cylindrical Enclosures/Geometry Files/STEP/Speaker - GRS 3FR-4/Speaker Adapter - GRS 3FR-4.step,Satellite1-Enclosures,https://github.com/FutureProofHomes/Satellite1-Enclosures,6fc46571a72873989bf0e0cd14a2f17f0429ba71,DIY Enclosures/Cylindrical Enclosures/Geometry Files/STEP/Speaker - GRS 3FR-4/Speaker Adapter - GRS 3FR-4.step,CERN-OHL-S-2.0,2026-07-27,188814,9b963946e1acfb99686cb5da53a64b23fe4c5f0a68474660ac499456ffd53353
reference-assets/official/Satellite1-Enclosures/DIY Enclosures/Cylindrical Enclosures/Geometry Files/STEP/Speaker - GRS 3FR-4/Speaker Lock Ring - GRS 3FR-4.step,Satellite1-Enclosures,https://github.com/FutureProofHomes/Satellite1-Enclosures,6fc46571a72873989bf0e0cd14a2f17f0429ba71,DIY Enclosures/Cylindrical Enclosures/Geometry Files/STEP/Speaker - GRS 3FR-4/Speaker Lock Ring - GRS 3FR-4.step,CERN-OHL-S-2.0,2026-07-27,243357,ec6cc86a25d6d3b1b8596319d83de941d33d24d3dee055aa8f81a4ce98245081
reference-assets/official/Satellite1-Enclosures/DIY Enclosures/Cylindrical Enclosures/Geometry Files/STEP/Speaker - GRS 3FR-4/Speaker Stand - GRS 3FR-4.step,Satellite1-Enclosures,https://github.com/FutureProofHomes/Satellite1-Enclosures,6fc46571a72873989bf0e0cd14a2f17f0429ba71,DIY Enclosures/Cylindrical Enclosures/Geometry Files/STEP/Speaker - GRS 3FR-4/Speaker Stand - GRS 3FR-4.step,CERN-OHL-S-2.0,2026-07-27,129244,bfa71371f6079871c7af42ac43a2b13aed95181286f935aa063ad617761dc833
reference-assets/official/Satellite1-Enclosures/DIY Enclosures/Cylindrical Enclosures/Geometry Files/STEP/Speaker - TEBM46C - 20N/Speaker Adapter - TEBM46C-20N.step,Satellite1-Enclosures,https://github.com/FutureProofHomes/Satellite1-Enclosures,6fc46571a72873989bf0e0cd14a2f17f0429ba71,DIY Enclosures/Cylindrical Enclosures/Geometry Files/STEP/Speaker - TEBM46C - 20N/Speaker Adapter - TEBM46C-20N.step,CERN-OHL-S-2.0,2026-07-27,289472,f1d9949699576937ff0dcbcbb9d09f3495a97882b4e661cd46ff87ac77f1ef55
reference-assets/official/Satellite1-Enclosures/DIY Enclosures/Cylindrical Enclosures/Geometry Files/STL/General Parts/(Optional) Dev Kit UFO Base for No Speaker.stl,Satellite1-Enclosures,https://github.com/FutureProofHomes/Satellite1-Enclosures,6fc46571a72873989bf0e0cd14a2f17f0429ba71,DIY Enclosures/Cylindrical Enclosures/Geometry Files/STL/General Parts/(Optional) Dev Kit UFO Base for No Speaker.stl,CERN-OHL-S-2.0,2026-07-27,132284,ca733ceb62fd6fb207e047319a27dcdbfd747be790a27259df6c832ea1a53696
reference-assets/official/Satellite1-Enclosures/DIY Enclosures/Cylindrical Enclosures/Geometry Files/STL/General Parts/1.5mm Wire Cover.stl,Satellite1-Enclosures,https://github.com/FutureProofHomes/Satellite1-Enclosures,6fc46571a72873989bf0e0cd14a2f17f0429ba71,DIY Enclosures/Cylindrical Enclosures/Geometry Files/STL/General Parts/1.5mm Wire Cover.stl,CERN-OHL-S-2.0,2026-07-27,9084,baffb69d1521f17ee9438a5cf904a0bdae7fb06c4fff0ca4a6c6f998356d86cd
reference-assets/official/Satellite1-Enclosures/DIY Enclosures/Cylindrical Enclosures/Geometry Files/STL/General Parts/1mm Wire Cover.stl,Satellite1-Enclosures,https://github.com/FutureProofHomes/Satellite1-Enclosures,6fc46571a72873989bf0e0cd14a2f17f0429ba71,DIY Enclosures/Cylindrical Enclosures/Geometry Files/STL/General Parts/1mm Wire Cover.stl,CERN-OHL-S-2.0,2026-07-27,9184,2da7e1274a39197145674e440b413de507bbc429ef5c6552ab92c674eb9e6d93
reference-assets/official/Satellite1-Enclosures/DIY Enclosures/Cylindrical Enclosures/Geometry Files/STL/General Parts/2mm Wire Cover.stl,Satellite1-Enclosures,https://github.com/FutureProofHomes/Satellite1-Enclosures,6fc46571a72873989bf0e0cd14a2f17f0429ba71,DIY Enclosures/Cylindrical Enclosures/Geometry Files/STL/General Parts/2mm Wire Cover.stl,CERN-OHL-S-2.0,2026-07-27,10284,91928508c969c7303be47c0ce75b1413abb8ce7550968f0c3ea9cfa9719c1c70
reference-assets/official/Satellite1-Enclosures/DIY Enclosures/Cylindrical Enclosures/Geometry Files/STL/General Parts/Dev Kit UFO Enclosure.stl,Satellite1-Enclosures,https://github.com/FutureProofHomes/Satellite1-Enclosures,6fc46571a72873989bf0e0cd14a2f17f0429ba71,DIY Enclosures/Cylindrical Enclosures/Geometry Files/STL/General Parts/Dev Kit UFO Enclosure.stl,CERN-OHL-S-2.0,2026-07-27,1384684,500a2c1c5086ff5b7f23aa629864f95db5e7c9637a5f8b6c724692da84b347f0
reference-assets/official/Satellite1-Enclosures/DIY Enclosures/Cylindrical Enclosures/Geometry Files/STL/General Parts/Lock Ring.stl,Satellite1-Enclosures,https://github.com/FutureProofHomes/Satellite1-Enclosures,6fc46571a72873989bf0e0cd14a2f17f0429ba71,DIY Enclosures/Cylindrical Enclosures/Geometry Files/STL/General Parts/Lock Ring.stl,CERN-OHL-S-2.0,2026-07-27,230684,892f2f737f050c632d3b8d1ad65d7e90e47311d945b79d097b9ef7e6239d9c63
reference-assets/official/Satellite1-Enclosures/DIY Enclosures/Cylindrical Enclosures/Geometry Files/STL/General Parts/Speaker Chamber Threaded.stl,Satellite1-Enclosures,https://github.com/FutureProofHomes/Satellite1-Enclosures,6fc46571a72873989bf0e0cd14a2f17f0429ba71,DIY Enclosures/Cylindrical Enclosures/Geometry Files/STL/General Parts/Speaker Chamber Threaded.stl,CERN-OHL-S-2.0,2026-07-27,340084,617921cc46ffd25e5664225f9583d6ad87d872b16fadcba5ca96a4a3e6982466
reference-assets/official/Satellite1-Enclosures/DIY Enclosures/Cylindrical Enclosures/Geometry Files/STL/General Parts/Speaker Stand.stl,Satellite1-Enclosures,https://github.com/FutureProofHomes/Satellite1-Enclosures,6fc46571a72873989bf0e0cd14a2f17f0429ba71,DIY Enclosures/Cylindrical Enclosures/Geometry Files/STL/General Parts/Speaker Stand.stl,CERN-OHL-S-2.0,2026-07-27,464884,ca0ec903ecff4639cb682d1f472b7cfd2620ac835d06ea5dbf495070e784ac90
reference-assets/official/Satellite1-Enclosures/DIY Enclosures/Cylindrical Enclosures/Geometry Files/STL/Speaker - Dayton Audio RS75-4/Speaker Adapter - RS75-4.stl,Satellite1-Enclosures,https://github.com/FutureProofHomes/Satellite1-Enclosures,6fc46571a72873989bf0e0cd14a2f17f0429ba71,DIY Enclosures/Cylindrical Enclosures/Geometry Files/STL/Speaker - Dayton Audio RS75-4/Speaker Adapter - RS75-4.stl,CERN-OHL-S-2.0,2026-07-27,211484,f6bc0986e856810de285c7b090bf444505764833c7dfae77e65b01db71645a62
reference-assets/official/Satellite1-Enclosures/DIY Enclosures/Cylindrical Enclosures/Geometry Files/STL/Speaker - GRS 3FR-4/Speaker Adapter - GRS-3FR-4.stl,Satellite1-Enclosures,https://github.com/FutureProofHomes/Satellite1-Enclosures,6fc46571a72873989bf0e0cd14a2f17f0429ba71,DIY Enclosures/Cylindrical Enclosures/Geometry Files/STL/Speaker - GRS 3FR-4/Speaker Adapter - GRS-3FR-4.stl,CERN-OHL-S-2.0,2026-07-27,408084,8fa6964d43af5bff84bfdb3c3649e06e8947c9a4d4987466c4ccb59742e23da1
reference-assets/official/Satellite1-Enclosures/DIY Enclosures/Cylindrical Enclosures/Geometry Files/STL/Speaker - GRS 3FR-4/Speaker Stand - GRS 3FR-4.stl,Satellite1-Enclosures,https://github.com/FutureProofHomes/Satellite1-Enclosures,6fc46571a72873989bf0e0cd14a2f17f0429ba71,DIY Enclosures/Cylindrical Enclosures/Geometry Files/STL/Speaker - GRS 3FR-4/Speaker Stand - GRS 3FR-4.stl,CERN-OHL-S-2.0,2026-07-27,1207784,405258d2ef1b75b138b8767474cd77763dfcaab4bb28404cfb0e7636f126eedc
reference-assets/official/Satellite1-Enclosures/DIY Enclosures/Cylindrical Enclosures/Geometry Files/STL/Speaker - GRS 3FR-4/Stand Lock Ring - GRS-3FR-4.stl,Satellite1-Enclosures,https://github.com/FutureProofHomes/Satellite1-Enclosures,6fc46571a72873989bf0e0cd14a2f17f0429ba71,DIY Enclosures/Cylindrical Enclosures/Geometry Files/STL/Speaker - GRS 3FR-4/Stand Lock Ring - GRS-3FR-4.stl,CERN-OHL-S-2.0,2026-07-27,434284,e08b1e0795f398bd5b74a0b68822e0c387be38662ebd259b4491dea0f1d12900
reference-assets/official/Satellite1-Enclosures/DIY Enclosures/Cylindrical Enclosures/Geometry Files/STL/Speaker - Tectonic TEBM46C-20N/Speaker Adapter - TEBM46C-20N.stl,Satellite1-Enclosures,https://github.com/FutureProofHomes/Satellite1-Enclosures,6fc46571a72873989bf0e0cd14a2f17f0429ba71,DIY Enclosures/Cylindrical Enclosures/Geometry Files/STL/Speaker - Tectonic TEBM46C-20N/Speaker Adapter - TEBM46C-20N.stl,CERN-OHL-S-2.0,2026-07-27,325584,4325095a3eb2aa455e7de55ce0f171e1f257c3ab66ba075616e447f87971fb0b
reference-assets/official/Satellite1-Enclosures/DIY Enclosures/Cylindrical Enclosures/OrcaSlicer - Sat1 Dev Kit Speaker Enclosure.3mf,Satellite1-Enclosures,https://github.com/FutureProofHomes/Satellite1-Enclosures,6fc46571a72873989bf0e0cd14a2f17f0429ba71,DIY Enclosures/Cylindrical Enclosures/OrcaSlicer - Sat1 Dev Kit Speaker Enclosure.3mf,CERN-OHL-S-2.0,2026-07-27,1333117,cf29c7a2f59c35294712415b1a6b2f3fa4700249c93962d1bc2baf84e29b5189
reference-assets/official/Satellite1-Enclosures/DIY Enclosures/In Ceiling Enclosures/In Ceiling Mini Enclosure (Bambu Studio Project).3mf,Satellite1-Enclosures,https://github.com/FutureProofHomes/Satellite1-Enclosures,6fc46571a72873989bf0e0cd14a2f17f0429ba71,DIY Enclosures/In Ceiling Enclosures/In Ceiling Mini Enclosure (Bambu Studio Project).3mf,CERN-OHL-S-2.0,2026-07-27,557152,f30f0e42edce14209b138bccdc3816902a47f3e8b3b7b670457dfdb2f0f18e75
reference-assets/official/Satellite1-Enclosures/DIY Enclosures/In Ceiling Enclosures/In Ceiling Mini Enclosure (Orca Slicer Project).3mf,Satellite1-Enclosures,https://github.com/FutureProofHomes/Satellite1-Enclosures,6fc46571a72873989bf0e0cd14a2f17f0429ba71,DIY Enclosures/In Ceiling Enclosures/In Ceiling Mini Enclosure (Orca Slicer Project).3mf,CERN-OHL-S-2.0,2026-07-27,568263,6cea5b4f199a9eff97bf5ef0a11277c95c063da85bebb7bc2e67de2f35584885
reference-assets/official/Satellite1-Enclosures/DIY Enclosures/In Ceiling Enclosures/geometry/STEP/In Ceiling Mini Enclosure.step,Satellite1-Enclosures,https://github.com/FutureProofHomes/Satellite1-Enclosures,6fc46571a72873989bf0e0cd14a2f17f0429ba71,DIY Enclosures/In Ceiling Enclosures/geometry/STEP/In Ceiling Mini Enclosure.step,CERN-OHL-S-2.0,2026-07-27,261340,b5aa6d1946f25cb9714450a28ccc4c81760d4cc3fe4ad89f945e8af90ce029a0
reference-assets/official/Satellite1-Enclosures/DIY Enclosures/In Ceiling Enclosures/geometry/STL/In Ceiling Mini Enclosure.3mf,Satellite1-Enclosures,https://github.com/FutureProofHomes/Satellite1-Enclosures,6fc46571a72873989bf0e0cd14a2f17f0429ba71,DIY Enclosures/In Ceiling Enclosures/geometry/STL/In Ceiling Mini Enclosure.3mf,CERN-OHL-S-2.0,2026-07-27,121935,3b19f1f2e1992b9adba70fcb8e9a367bc8c8cede3f4bcdeb2fb96aa955556a8b
reference-assets/official/Satellite1-Enclosures/DIY Enclosures/Squircle Enclosures/Bambu Studio - Squircle Enclosure.3mf,Satellite1-Enclosures,https://github.com/FutureProofHomes/Satellite1-Enclosures,6fc46571a72873989bf0e0cd14a2f17f0429ba71,DIY Enclosures/Squircle Enclosures/Bambu Studio - Squircle Enclosure.3mf,CERN-OHL-S-2.0,2026-07-27,2333664,ff84e75f30cda9fd622cc7b6cd927c117381370db805db09ba10c14640c140b9
reference-assets/official/Satellite1-Enclosures/DIY Enclosures/Squircle Enclosures/Geometry Files/STEP/Mid-Plate/Mid-Plate Threads.step,Satellite1-Enclosures,https://github.com/FutureProofHomes/Satellite1-Enclosures,6fc46571a72873989bf0e0cd14a2f17f0429ba71,DIY Enclosures/Squircle Enclosures/Geometry Files/STEP/Mid-Plate/Mid-Plate Threads.step,CERN-OHL-S-2.0,2026-07-27,219235,2f08dd7555a73666c21603fbba9657285395cea9f78b9452864ddabe7d01d948
reference-assets/official/Satellite1-Enclosures/DIY Enclosures/Squircle Enclosures/Geometry Files/STEP/Mid-Plate/Mid-Plate.step,Satellite1-Enclosures,https://github.com/FutureProofHomes/Satellite1-Enclosures,6fc46571a72873989bf0e0cd14a2f17f0429ba71,DIY Enclosures/Squircle Enclosures/Geometry Files/STEP/Mid-Plate/Mid-Plate.step,CERN-OHL-S-2.0,2026-07-27,256953,b68546016e7a9d1191002ff7a127636f21c840cce71cfe7f2ab8af3b44a79431
reference-assets/official/Satellite1-Enclosures/DIY Enclosures/Squircle Enclosures/Geometry Files/STEP/Speaker Chamber/15-Watt Speaker Chamber.step,Satellite1-Enclosures,https://github.com/FutureProofHomes/Satellite1-Enclosures,6fc46571a72873989bf0e0cd14a2f17f0429ba71,DIY Enclosures/Squircle Enclosures/Geometry Files/STEP/Speaker Chamber/15-Watt Speaker Chamber.step,CERN-OHL-S-2.0,2026-07-27,693556,9a24a7b736fc77388deb70e9cda11f1e3d4cddf5d823f2584e6040146a8a1a33
reference-assets/official/Satellite1-Enclosures/DIY Enclosures/Squircle Enclosures/Geometry Files/STEP/Speaker Chamber/25-Watt Speaker Chamber Anti-Slip Ring.step,Satellite1-Enclosures,https://github.com/FutureProofHomes/Satellite1-Enclosures,6fc46571a72873989bf0e0cd14a2f17f0429ba71,DIY Enclosures/Squircle Enclosures/Geometry Files/STEP/Speaker Chamber/25-Watt Speaker Chamber Anti-Slip Ring.step,CERN-OHL-S-2.0,2026-07-27,20476,f009d1735f38908c4895b7efadcf40e10b7d601c1fe404c89e30bce7565978f9
reference-assets/official/Satellite1-Enclosures/DIY Enclosures/Squircle Enclosures/Geometry Files/STEP/Speaker Chamber/25-Watt Speaker Chamber.step,Satellite1-Enclosures,https://github.com/FutureProofHomes/Satellite1-Enclosures,6fc46571a72873989bf0e0cd14a2f17f0429ba71,DIY Enclosures/Squircle Enclosures/Geometry Files/STEP/Speaker Chamber/25-Watt Speaker Chamber.step,CERN-OHL-S-2.0,2026-07-27,1013394,b172dedcf4c8d57e142772d1b4adcd929d9c9fd5c9f730141251cfa616048e22
reference-assets/official/Satellite1-Enclosures/DIY Enclosures/Squircle Enclosures/Geometry Files/STEP/Speaker Chamber/3-Watt Speaker Chamber Legs x 4.step,Satellite1-Enclosures,https://github.com/FutureProofHomes/Satellite1-Enclosures,6fc46571a72873989bf0e0cd14a2f17f0429ba71,DIY Enclosures/Squircle Enclosures/Geometry Files/STEP/Speaker Chamber/3-Watt Speaker Chamber Legs x 4.step,CERN-OHL-S-2.0,2026-07-27,47691,a5500ccd0bace9511add0c4d341ad15d8bc3c7cf47805bb944a5507702af4721
reference-assets/official/Satellite1-Enclosures/DIY Enclosures/Squircle Enclosures/Geometry Files/STEP/Speaker Chamber/3-Watt Speaker Chamber.step,Satellite1-Enclosures,https://github.com/FutureProofHomes/Satellite1-Enclosures,6fc46571a72873989bf0e0cd14a2f17f0429ba71,DIY Enclosures/Squircle Enclosures/Geometry Files/STEP/Speaker Chamber/3-Watt Speaker Chamber.step,CERN-OHL-S-2.0,2026-07-27,238259,3d643edc40c94e412ac31e15a38c1bd0cdaf1b6413af23b5b609a5039f2f95b9
reference-assets/official/Satellite1-Enclosures/DIY Enclosures/Squircle Enclosures/Geometry Files/STEP/Speaker Plates/15-Watt Speaker Plate Tectonic TEBM46C20N-4.step,Satellite1-Enclosures,https://github.com/FutureProofHomes/Satellite1-Enclosures,6fc46571a72873989bf0e0cd14a2f17f0429ba71,DIY Enclosures/Squircle Enclosures/Geometry Files/STEP/Speaker Plates/15-Watt Speaker Plate Tectonic TEBM46C20N-4.step,CERN-OHL-S-2.0,2026-07-27,1085405,279365341264ed0ad9af6eacb1b13079caf20db3f60fae6f360faeb7b3ad23b9
reference-assets/official/Satellite1-Enclosures/DIY Enclosures/Squircle Enclosures/Geometry Files/STEP/Speaker Plates/15-Watt Speaker Plate Triple Speaker.step,Satellite1-Enclosures,https://github.com/FutureProofHomes/Satellite1-Enclosures,6fc46571a72873989bf0e0cd14a2f17f0429ba71,DIY Enclosures/Squircle Enclosures/Geometry Files/STEP/Speaker Plates/15-Watt Speaker Plate Triple Speaker.step,CERN-OHL-S-2.0,2026-07-27,912753,aa62c6a7f453ad889f3fe2607c1af2b3780a27fd2c64be0b03c9d502e5c3a75d
reference-assets/official/Satellite1-Enclosures/DIY Enclosures/Squircle Enclosures/Geometry Files/STEP/Speaker Plates/25-Watt Speaker Plate Dayton Audio PC83-4 3in.step,Satellite1-Enclosures,https://github.com/FutureProofHomes/Satellite1-Enclosures,6fc46571a72873989bf0e0cd14a2f17f0429ba71,DIY Enclosures/Squircle Enclosures/Geometry Files/STEP/Speaker Plates/25-Watt Speaker Plate Dayton Audio PC83-4 3in.step,CERN-OHL-S-2.0,2026-07-27,1842478,e0e94b907e5e57d6691102a81ada1671b94b6e8b2d3472b0b54953701076ddec
reference-assets/official/Satellite1-Enclosures/DIY Enclosures/Squircle Enclosures/Geometry Files/STEP/Speaker Plates/25-Watt Speaker Plate Dayton Audio RS75-4 3in.step,Satellite1-Enclosures,https://github.com/FutureProofHomes/Satellite1-Enclosures,6fc46571a72873989bf0e0cd14a2f17f0429ba71,DIY Enclosures/Squircle Enclosures/Geometry Files/STEP/Speaker Plates/25-Watt Speaker Plate Dayton Audio RS75-4 3in.step,CERN-OHL-S-2.0,2026-07-27,1331267,29c9318efd34dfa022d500900c276cb4e7a03b98da9f825193dda50800c78dde
reference-assets/official/Satellite1-Enclosures/DIY Enclosures/Squircle Enclosures/Geometry Files/STEP/Speaker Plates/25-Watt Speaker Plate FaitalPRO 3FE25 3in.step,Satellite1-Enclosures,https://github.com/FutureProofHomes/Satellite1-Enclosures,6fc46571a72873989bf0e0cd14a2f17f0429ba71,DIY Enclosures/Squircle Enclosures/Geometry Files/STEP/Speaker Plates/25-Watt Speaker Plate FaitalPRO 3FE25 3in.step,CERN-OHL-S-2.0,2026-07-27,1861816,8bc8ebeaa5d897490f44d37b5d3d5e47d8c301272ec26a2632d81547547011a3
reference-assets/official/Satellite1-Enclosures/DIY Enclosures/Squircle Enclosures/Geometry Files/STEP/Speaker Plates/25-Watt Speaker Plate GRS 3FR3 and Visaton FRS8-4 3.3in.step,Satellite1-Enclosures,https://github.com/FutureProofHomes/Satellite1-Enclosures,6fc46571a72873989bf0e0cd14a2f17f0429ba71,DIY Enclosures/Squircle Enclosures/Geometry Files/STEP/Speaker Plates/25-Watt Speaker Plate GRS 3FR3 and Visaton FRS8-4 3.3in.step,CERN-OHL-S-2.0,2026-07-27,1905626,a9f35eb83731fe70fd07f1191096d076ab58e9c4a7897050e20c006550b32a2b
reference-assets/official/Satellite1-Enclosures/DIY Enclosures/Squircle Enclosures/Geometry Files/STEP/Speaker Plates/25-Watt Speaker Plate Tectonic TEBM46C20N-4 v5.step,Satellite1-Enclosures,https://github.com/FutureProofHomes/Satellite1-Enclosures,6fc46571a72873989bf0e0cd14a2f17f0429ba71,DIY Enclosures/Squircle Enclosures/Geometry Files/STEP/Speaker Plates/25-Watt Speaker Plate Tectonic TEBM46C20N-4 v5.step,CERN-OHL-S-2.0,2026-07-27,1847460,12f2ffa1c18ffb23e38016f27f952c7b11f5ed312b7aacdfc3b76be3e3805bab
reference-assets/official/Satellite1-Enclosures/DIY Enclosures/Squircle Enclosures/Geometry Files/STEP/Squircle Top/Lock Ring.step,Satellite1-Enclosures,https://github.com/FutureProofHomes/Satellite1-Enclosures,6fc46571a72873989bf0e0cd14a2f17f0429ba71,DIY Enclosures/Squircle Enclosures/Geometry Files/STEP/Squircle Top/Lock Ring.step,CERN-OHL-S-2.0,2026-07-27,345276,d11caa5246c8fb5664b5fe0906ad8b801331f141b0616674d4d803886ea1ccc3
reference-assets/official/Satellite1-Enclosures/DIY Enclosures/Squircle Enclosures/Geometry Files/STEP/Squircle Top/PCB Spacer.step,Satellite1-Enclosures,https://github.com/FutureProofHomes/Satellite1-Enclosures,6fc46571a72873989bf0e0cd14a2f17f0429ba71,DIY Enclosures/Squircle Enclosures/Geometry Files/STEP/Squircle Top/PCB Spacer.step,CERN-OHL-S-2.0,2026-07-27,70519,0979f88807c16c5de95f360a33996f5db3eeeaceca671f5b8c81d4e3052e7256
reference-assets/official/Satellite1-Enclosures/DIY Enclosures/Squircle Enclosures/Geometry Files/STEP/Squircle Top/Top Plate Combined MM.step,Satellite1-Enclosures,https://github.com/FutureProofHomes/Satellite1-Enclosures,6fc46571a72873989bf0e0cd14a2f17f0429ba71,DIY Enclosures/Squircle Enclosures/Geometry Files/STEP/Squircle Top/Top Plate Combined MM.step,CERN-OHL-S-2.0,2026-07-27,1004615,18eda12a92eb8b6d64c763565736c35eaf633fee74361cfcecad4035f4b8cbed
reference-assets/official/Satellite1-Enclosures/DIY Enclosures/Squircle Enclosures/Geometry Files/STEP/Squircle Top/Top Plate MM Buttons.step,Satellite1-Enclosures,https://github.com/FutureProofHomes/Satellite1-Enclosures,6fc46571a72873989bf0e0cd14a2f17f0429ba71,DIY Enclosures/Squircle Enclosures/Geometry Files/STEP/Squircle Top/Top Plate MM Buttons.step,CERN-OHL-S-2.0,2026-07-27,50827,826006ea5c3fff99608b8a0b00fef00e480b8132fbdfc076ed9b50e9002f2b6a
reference-assets/official/Satellite1-Enclosures/DIY Enclosures/Squircle Enclosures/Geometry Files/STEP/Squircle Top/Top Plate MM Diffuser Ring.step,Satellite1-Enclosures,https://github.com/FutureProofHomes/Satellite1-Enclosures,6fc46571a72873989bf0e0cd14a2f17f0429ba71,DIY Enclosures/Squircle Enclosures/Geometry Files/STEP/Squircle Top/Top Plate MM Diffuser Ring.step,CERN-OHL-S-2.0,2026-07-27,37630,e11cf954660b0481c58d45fd50a29e66d5a6d53c71de229d01733a678982cf3b
reference-assets/official/Satellite1-Enclosures/DIY Enclosures/Squircle Enclosures/Geometry Files/STEP/Squircle Top/Top Plate Snap-In Diffuser Ring.step,Satellite1-Enclosures,https://github.com/FutureProofHomes/Satellite1-Enclosures,6fc46571a72873989bf0e0cd14a2f17f0429ba71,DIY Enclosures/Squircle Enclosures/Geometry Files/STEP/Squircle Top/Top Plate Snap-In Diffuser Ring.step,CERN-OHL-S-2.0,2026-07-27,19426,baebf04200b3d2ad4d7d454afd88bec8940ed45e5198c47d3c7615f9006c7944
reference-assets/official/Satellite1-Enclosures/DIY Enclosures/Squircle Enclosures/Geometry Files/STEP/Squircle Top/Top Plate.step,Satellite1-Enclosures,https://github.com/FutureProofHomes/Satellite1-Enclosures,6fc46571a72873989bf0e0cd14a2f17f0429ba71,DIY Enclosures/Squircle Enclosures/Geometry Files/STEP/Squircle Top/Top Plate.step,CERN-OHL-S-2.0,2026-07-27,917551,5130d9f927670f727c3c2701f5b458612f9716fae93f14b82c43ff0cbddee88b
reference-assets/official/Satellite1-Enclosures/DIY Enclosures/Squircle Enclosures/Geometry Files/STEP/Wire Covers/Wire Cover 1.5mm.step,Satellite1-Enclosures,https://github.com/FutureProofHomes/Satellite1-Enclosures,6fc46571a72873989bf0e0cd14a2f17f0429ba71,DIY Enclosures/Squircle Enclosures/Geometry Files/STEP/Wire Covers/Wire Cover 1.5mm.step,CERN-OHL-S-2.0,2026-07-27,27816,945e035be8c066cfee9ff8a2a4343eb04b585bd191ade5017204200278270c12
reference-assets/official/Satellite1-Enclosures/DIY Enclosures/Squircle Enclosures/Geometry Files/STEP/Wire Covers/Wire Cover 1mm.step,Satellite1-Enclosures,https://github.com/FutureProofHomes/Satellite1-Enclosures,6fc46571a72873989bf0e0cd14a2f17f0429ba71,DIY Enclosures/Squircle Enclosures/Geometry Files/STEP/Wire Covers/Wire Cover 1mm.step,CERN-OHL-S-2.0,2026-07-27,27699,ec0acd4e0b80cc7c0fb7d749eb79d2a795eab8bf82b0d4225ee1cce015c6e9b5
reference-assets/official/Satellite1-Enclosures/DIY Enclosures/Squircle Enclosures/Geometry Files/STEP/Wire Covers/Wire Cover 2.5.step,Satellite1-Enclosures,https://github.com/FutureProofHomes/Satellite1-Enclosures,6fc46571a72873989bf0e0cd14a2f17f0429ba71,DIY Enclosures/Squircle Enclosures/Geometry Files/STEP/Wire Covers/Wire Cover 2.5.step,CERN-OHL-S-2.0,2026-07-27,27705,f6e77b063c3aa5b39718fa7373bd5166df2c86564ee5029aaaede571b2584969
reference-assets/official/Satellite1-Enclosures/DIY Enclosures/Squircle Enclosures/Geometry Files/STEP/Wire Covers/Wire Cover 2mm.step,Satellite1-Enclosures,https://github.com/FutureProofHomes/Satellite1-Enclosures,6fc46571a72873989bf0e0cd14a2f17f0429ba71,DIY Enclosures/Squircle Enclosures/Geometry Files/STEP/Wire Covers/Wire Cover 2mm.step,CERN-OHL-S-2.0,2026-07-27,27698,7a1a9734fc064c6eafa022735a551135a53aef671fa45b7281737194f89fccf1
reference-assets/official/Satellite1-Enclosures/DIY Enclosures/Squircle Enclosures/Geometry Files/STEP/Wire Covers/Wire Cover 3mm.step,Satellite1-Enclosures,https://github.com/FutureProofHomes/Satellite1-Enclosures,6fc46571a72873989bf0e0cd14a2f17f0429ba71,DIY Enclosures/Squircle Enclosures/Geometry Files/STEP/Wire Covers/Wire Cover 3mm.step,CERN-OHL-S-2.0,2026-07-27,27810,d30c7f05eac896d6a0d20fd2e1544273afddefffccaa22ae35adc22e44c594cc
reference-assets/official/Satellite1-Enclosures/DIY Enclosures/Squircle Enclosures/Geometry Files/STL/Mid-Plate/Mid-Plate Threads.stl,Satellite1-Enclosures,https://github.com/FutureProofHomes/Satellite1-Enclosures,6fc46571a72873989bf0e0cd14a2f17f0429ba71,DIY Enclosures/Squircle Enclosures/Geometry Files/STL/Mid-Plate/Mid-Plate Threads.stl,CERN-OHL-S-2.0,2026-07-27,215684,bb9ec332c154a642f3d0ec03a6dd62ab945116905c2e27f81662ba6cb142528e
reference-assets/official/Satellite1-Enclosures/DIY Enclosures/Squircle Enclosures/Geometry Files/STL/Mid-Plate/Mid-Plate.stl,Satellite1-Enclosures,https://github.com/FutureProofHomes/Satellite1-Enclosures,6fc46571a72873989bf0e0cd14a2f17f0429ba71,DIY Enclosures/Squircle Enclosures/Geometry Files/STL/Mid-Plate/Mid-Plate.stl,CERN-OHL-S-2.0,2026-07-27,303884,286f35d8c896435c673027a3a95f4e76c2539f2633693b6b75bee4118169edec
reference-assets/official/Satellite1-Enclosures/DIY Enclosures/Squircle Enclosures/Geometry Files/STL/Speaker Chamber/15-Watt Speaker Chamber.stl,Satellite1-Enclosures,https://github.com/FutureProofHomes/Satellite1-Enclosures,6fc46571a72873989bf0e0cd14a2f17f0429ba71,DIY Enclosures/Squircle Enclosures/Geometry Files/STL/Speaker Chamber/15-Watt Speaker Chamber.stl,CERN-OHL-S-2.0,2026-07-27,813584,8909fdc22eb8f263466eae4cb4d9cddaf856dec3caf596fb491ab699c9057d87
reference-assets/official/Satellite1-Enclosures/DIY Enclosures/Squircle Enclosures/Geometry Files/STL/Speaker Chamber/25-Watt Speaker Chamber Anti-Slip Ring.stl,Satellite1-Enclosures,https://github.com/FutureProofHomes/Satellite1-Enclosures,6fc46571a72873989bf0e0cd14a2f17f0429ba71,DIY Enclosures/Squircle Enclosures/Geometry Files/STL/Speaker Chamber/25-Watt Speaker Chamber Anti-Slip Ring.stl,CERN-OHL-S-2.0,2026-07-27,111684,51e50541e54ff0759055b092a9001046facf3c31b962b6cd800aa1493bd745fd
reference-assets/official/Satellite1-Enclosures/DIY Enclosures/Squircle Enclosures/Geometry Files/STL/Speaker Chamber/25-Watt Speaker Chamber.stl,Satellite1-Enclosures,https://github.com/FutureProofHomes/Satellite1-Enclosures,6fc46571a72873989bf0e0cd14a2f17f0429ba71,DIY Enclosures/Squircle Enclosures/Geometry Files/STL/Speaker Chamber/25-Watt Speaker Chamber.stl,CERN-OHL-S-2.0,2026-07-27,1243884,cb54600bf111b2295268f54b64123b0c424389174a75361132888f1273604ff3
reference-assets/official/Satellite1-Enclosures/DIY Enclosures/Squircle Enclosures/Geometry Files/STL/Speaker Chamber/3-Watt Speaker Chamber Legs x 4.stl,Satellite1-Enclosures,https://github.com/FutureProofHomes/Satellite1-Enclosures,6fc46571a72873989bf0e0cd14a2f17f0429ba71,DIY Enclosures/Squircle Enclosures/Geometry Files/STL/Speaker Chamber/3-Watt Speaker Chamber Legs x 4.stl,CERN-OHL-S-2.0,2026-07-27,18384,3ea4c021603c05ea5d770912f00ff9a7e88f7c48363316411e217ce80385d088
reference-assets/official/Satellite1-Enclosures/DIY Enclosures/Squircle Enclosures/Geometry Files/STL/Speaker Chamber/3-Watt Speaker Chamber.stl,Satellite1-Enclosures,https://github.com/FutureProofHomes/Satellite1-Enclosures,6fc46571a72873989bf0e0cd14a2f17f0429ba71,DIY Enclosures/Squircle Enclosures/Geometry Files/STL/Speaker Chamber/3-Watt Speaker Chamber.stl,CERN-OHL-S-2.0,2026-07-27,592284,d49d8bca3e103219139028878f7f477d6e9e8979aefade9fe6d94940e1e0ffc1
reference-assets/official/Satellite1-Enclosures/DIY Enclosures/Squircle Enclosures/Geometry Files/STL/Speaker Plates/15-Watt Speaker Plate Tectonic TEBM46C20N-4.stl,Satellite1-Enclosures,https://github.com/FutureProofHomes/Satellite1-Enclosures,6fc46571a72873989bf0e0cd14a2f17f0429ba71,DIY Enclosures/Squircle Enclosures/Geometry Files/STL/Speaker Plates/15-Watt Speaker Plate Tectonic TEBM46C20N-4.stl,CERN-OHL-S-2.0,2026-07-27,341984,0a0676df02af04e001a455b9b9977a9d572b3c25aae7fc078080b92d6f6e79d6
reference-assets/official/Satellite1-Enclosures/DIY Enclosures/Squircle Enclosures/Geometry Files/STL/Speaker Plates/15-Watt Speaker Plate Triple Speaker.stl,Satellite1-Enclosures,https://github.com/FutureProofHomes/Satellite1-Enclosures,6fc46571a72873989bf0e0cd14a2f17f0429ba71,DIY Enclosures/Squircle Enclosures/Geometry Files/STL/Speaker Plates/15-Watt Speaker Plate Triple Speaker.stl,CERN-OHL-S-2.0,2026-07-27,305784,c05228693a1d0fcec2b1ed6417a147ea699e541c4713a8b59e0106751cd44d04
reference-assets/official/Satellite1-Enclosures/DIY Enclosures/Squircle Enclosures/Geometry Files/STL/Speaker Plates/25-Watt Speaker Plate Dayton Audio PC83-4 3in.stl,Satellite1-Enclosures,https://github.com/FutureProofHomes/Satellite1-Enclosures,6fc46571a72873989bf0e0cd14a2f17f0429ba71,DIY Enclosures/Squircle Enclosures/Geometry Files/STL/Speaker Plates/25-Watt Speaker Plate Dayton Audio PC83-4 3in.stl,CERN-OHL-S-2.0,2026-07-27,544384,599fc586678bea2b3641855ffb49335b56eabc29c0574d3803c2b4a65c099f4c
reference-assets/official/Satellite1-Enclosures/DIY Enclosures/Squircle Enclosures/Geometry Files/STL/Speaker Plates/25-Watt Speaker Plate Dayton Audio RS75-4 3in.stl,Satellite1-Enclosures,https://github.com/FutureProofHomes/Satellite1-Enclosures,6fc46571a72873989bf0e0cd14a2f17f0429ba71,DIY Enclosures/Squircle Enclosures/Geometry Files/STL/Speaker Plates/25-Watt Speaker Plate Dayton Audio RS75-4 3in.stl,CERN-OHL-S-2.0,2026-07-27,414284,e19d4e4893907f72506223fdced3604e3d737b92c366fde314ffe8ab9fc5742b
reference-assets/official/Satellite1-Enclosures/DIY Enclosures/Squircle Enclosures/Geometry Files/STL/Speaker Plates/25-Watt Speaker Plate FaitalPRO 3FE25 3in.stl,Satellite1-Enclosures,https://github.com/FutureProofHomes/Satellite1-Enclosures,6fc46571a72873989bf0e0cd14a2f17f0429ba71,DIY Enclosures/Squircle Enclosures/Geometry Files/STL/Speaker Plates/25-Watt Speaker Plate FaitalPRO 3FE25 3in.stl,CERN-OHL-S-2.0,2026-07-27,517184,7a1584efe5f76bb0bd5b413ca0b9c64679a2e3bb2f58864c2a67e1322da88a22
reference-assets/official/Satellite1-Enclosures/DIY Enclosures/Squircle Enclosures/Geometry Files/STL/Speaker Plates/25-Watt Speaker Plate GRS 3FR3 and Visaton FRS8-4 3.3in.stl,Satellite1-Enclosures,https://github.com/FutureProofHomes/Satellite1-Enclosures,6fc46571a72873989bf0e0cd14a2f17f0429ba71,DIY Enclosures/Squircle Enclosures/Geometry Files/STL/Speaker Plates/25-Watt Speaker Plate GRS 3FR3 and Visaton FRS8-4 3.3in.stl,CERN-OHL-S-2.0,2026-07-27,542984,8a23b43d375e21ae800083a5dbf2aec02d9ce217d420d2e6e1275dc68e55898a
reference-assets/official/Satellite1-Enclosures/DIY Enclosures/Squircle Enclosures/Geometry Files/STL/Speaker Plates/25-Watt Speaker Plate Tectonic TEBM46C20N-4 v5.stl,Satellite1-Enclosures,https://github.com/FutureProofHomes/Satellite1-Enclosures,6fc46571a72873989bf0e0cd14a2f17f0429ba71,DIY Enclosures/Squircle Enclosures/Geometry Files/STL/Speaker Plates/25-Watt Speaker Plate Tectonic TEBM46C20N-4 v5.stl,CERN-OHL-S-2.0,2026-07-27,512884,8c3a7d8b6b4351c6ddf3723ad8ff25887298bedb9c685d4f44bda33992e32867
reference-assets/official/Satellite1-Enclosures/DIY Enclosures/Squircle Enclosures/Geometry Files/STL/Squircle Top/Lock Ring.stl,Satellite1-Enclosures,https://github.com/FutureProofHomes/Satellite1-Enclosures,6fc46571a72873989bf0e0cd14a2f17f0429ba71,DIY Enclosures/Squircle Enclosures/Geometry Files/STL/Squircle Top/Lock Ring.stl,CERN-OHL-S-2.0,2026-07-27,359684,6f976015ebf68765a232c9abb8b6eb0fce8adc1c0a337a1e0a2725e82d4e0577
reference-assets/official/Satellite1-Enclosures/DIY Enclosures/Squircle Enclosures/Geometry Files/STL/Squircle Top/PCB Spacer.stl,Satellite1-Enclosures,https://github.com/FutureProofHomes/Satellite1-Enclosures,6fc46571a72873989bf0e0cd14a2f17f0429ba71,DIY Enclosures/Squircle Enclosures/Geometry Files/STL/Squircle Top/PCB Spacer.stl,CERN-OHL-S-2.0,2026-07-27,98284,dfe5c969122e92892a1e2111c3d4d1b6e25108aafeca86c404d28582e4b33e66
reference-assets/official/Satellite1-Enclosures/DIY Enclosures/Squircle Enclosures/Geometry Files/STL/Squircle Top/Top Plate Combined MM.stl,Satellite1-Enclosures,https://github.com/FutureProofHomes/Satellite1-Enclosures,6fc46571a72873989bf0e0cd14a2f17f0429ba71,DIY Enclosures/Squircle Enclosures/Geometry Files/STL/Squircle Top/Top Plate Combined MM.stl,CERN-OHL-S-2.0,2026-07-27,1053184,9d0497efe92df377e363953e04437e5f70f614457336511ef698d862e97ce18a
reference-assets/official/Satellite1-Enclosures/DIY Enclosures/Squircle Enclosures/Geometry Files/STL/Squircle Top/Top Plate MM Buttons.stl,Satellite1-Enclosures,https://github.com/FutureProofHomes/Satellite1-Enclosures,6fc46571a72873989bf0e0cd14a2f17f0429ba71,DIY Enclosures/Squircle Enclosures/Geometry Files/STL/Squircle Top/Top Plate MM Buttons.stl,CERN-OHL-S-2.0,2026-07-27,19284,d4a6d7080f31a316d2688154dc417432d3dbfca92030a48231de203958aedea2
reference-assets/official/Satellite1-Enclosures/DIY Enclosures/Squircle Enclosures/Geometry Files/STL/Squircle Top/Top Plate MM Diffuser Ring.stl,Satellite1-Enclosures,https://github.com/FutureProofHomes/Satellite1-Enclosures,6fc46571a72873989bf0e0cd14a2f17f0429ba71,DIY Enclosures/Squircle Enclosures/Geometry Files/STL/Squircle Top/Top Plate MM Diffuser Ring.stl,CERN-OHL-S-2.0,2026-07-27,154284,8aeb051f3a63f7b24c66249e6e6376be17b855d4d295553966a03d5448aa4ca6
reference-assets/official/Satellite1-Enclosures/DIY Enclosures/Squircle Enclosures/Geometry Files/STL/Squircle Top/Top Plate Snap-In Diffuser Ring.stl,Satellite1-Enclosures,https://github.com/FutureProofHomes/Satellite1-Enclosures,6fc46571a72873989bf0e0cd14a2f17f0429ba71,DIY Enclosures/Squircle Enclosures/Geometry Files/STL/Squircle Top/Top Plate Snap-In Diffuser Ring.stl,CERN-OHL-S-2.0,2026-07-27,166584,7066e23ce08c5cf4b2690e65f20fb1fc8e77bb0e9e1429ac3766f54298ae7648
reference-assets/official/Satellite1-Enclosures/DIY Enclosures/Squircle Enclosures/Geometry Files/STL/Squircle Top/Top Plate.stl,Satellite1-Enclosures,https://github.com/FutureProofHomes/Satellite1-Enclosures,6fc46571a72873989bf0e0cd14a2f17f0429ba71,DIY Enclosures/Squircle Enclosures/Geometry Files/STL/Squircle Top/Top Plate.stl,CERN-OHL-S-2.0,2026-07-27,880684,51d252fac3a87e0938748923d42fc9b7ec8a5252b6793a7d59e2ab6edb1daad9
reference-assets/official/Satellite1-Enclosures/DIY Enclosures/Squircle Enclosures/Geometry Files/STL/Wire Covers/Wire Cover 1.5mm.stl,Satellite1-Enclosures,https://github.com/FutureProofHomes/Satellite1-Enclosures,6fc46571a72873989bf0e0cd14a2f17f0429ba71,DIY Enclosures/Squircle Enclosures/Geometry Files/STL/Wire Covers/Wire Cover 1.5mm.stl,CERN-OHL-S-2.0,2026-07-27,10084,5b503a773fe7c4051fbce2a3be218173ddf46496fd3e9fbb0b08a8f6be33211b
reference-assets/official/Satellite1-Enclosures/DIY Enclosures/Squircle Enclosures/Geometry Files/STL/Wire Covers/Wire Cover 1mm.stl,Satellite1-Enclosures,https://github.com/FutureProofHomes/Satellite1-Enclosures,6fc46571a72873989bf0e0cd14a2f17f0429ba71,DIY Enclosures/Squircle Enclosures/Geometry Files/STL/Wire Covers/Wire Cover 1mm.stl,CERN-OHL-S-2.0,2026-07-27,10284,1f751f660d7ae310d2fd0d9750104392c6c2d4fcea4a136eb687480dad526b6c
reference-assets/official/Satellite1-Enclosures/DIY Enclosures/Squircle Enclosures/Geometry Files/STL/Wire Covers/Wire Cover 2.5.stl,Satellite1-Enclosures,https://github.com/FutureProofHomes/Satellite1-Enclosures,6fc46571a72873989bf0e0cd14a2f17f0429ba71,DIY Enclosures/Squircle Enclosures/Geometry Files/STL/Wire Covers/Wire Cover 2.5.stl,CERN-OHL-S-2.0,2026-07-27,12084,25e65e012fc0ae87599925aa4583dcb58e295b98bba76b5ab3b47f21a3c13188
reference-assets/official/Satellite1-Enclosures/DIY Enclosures/Squircle Enclosures/Geometry Files/STL/Wire Covers/Wire Cover 2mm.stl,Satellite1-Enclosures,https://github.com/FutureProofHomes/Satellite1-Enclosures,6fc46571a72873989bf0e0cd14a2f17f0429ba71,DIY Enclosures/Squircle Enclosures/Geometry Files/STL/Wire Covers/Wire Cover 2mm.stl,CERN-OHL-S-2.0,2026-07-27,11284,615e0b27dd63d2d174433ca8c32f6e0707e50e094eba78c2fbfd9b58e42cf731
reference-assets/official/Satellite1-Enclosures/DIY Enclosures/Squircle Enclosures/Geometry Files/STL/Wire Covers/Wire Cover 3mm.stl,Satellite1-Enclosures,https://github.com/FutureProofHomes/Satellite1-Enclosures,6fc46571a72873989bf0e0cd14a2f17f0429ba71,DIY Enclosures/Squircle Enclosures/Geometry Files/STL/Wire Covers/Wire Cover 3mm.stl,CERN-OHL-S-2.0,2026-07-27,10484,856ae557642ffc5f8c2364e8241a6194728ad06160842f959b02cabebde8f106
reference-assets/official/Satellite1-Enclosures/DIY Enclosures/Squircle Enclosures/OrcaSlicer - Squircle Enclosure.3mf,Satellite1-Enclosures,https://github.com/FutureProofHomes/Satellite1-Enclosures,6fc46571a72873989bf0e0cd14a2f17f0429ba71,DIY Enclosures/Squircle Enclosures/OrcaSlicer - Squircle Enclosure.3mf,CERN-OHL-S-2.0,2026-07-27,2341426,478be47c463d96822dbe2bc99f0cd15595035a8f599dd4d74e945aa3c7f63ed2
reference-assets/official/Satellite1-Enclosures/OEM Enclosures/Satellite1.1 Smart Speaker Enclosure Kit/Geometry Files/STEP/Sat1.x - Top Plate multi material.step,Satellite1-Enclosures,https://github.com/FutureProofHomes/Satellite1-Enclosures,6fc46571a72873989bf0e0cd14a2f17f0429ba71,OEM Enclosures/Satellite1.1 Smart Speaker Enclosure Kit/Geometry Files/STEP/Sat1.x - Top Plate multi material.step,CERN-OHL-S-2.0,2026-07-27,1435227,71aee5c4d06e23655fd63877177eb3b0cd86a5e49839ae6e040f68b2b0de4870
reference-assets/official/Satellite1-Enclosures/OEM Enclosures/Satellite1.1 Smart Speaker Enclosure Kit/Geometry Files/STEP/Sat1.x - Top Plate single material - LED Diffuser.step,Satellite1-Enclosures,https://github.com/FutureProofHomes/Satellite1-Enclosures,6fc46571a72873989bf0e0cd14a2f17f0429ba71,OEM Enclosures/Satellite1.1 Smart Speaker Enclosure Kit/Geometry Files/STEP/Sat1.x - Top Plate single material - LED Diffuser.step,CERN-OHL-S-2.0,2026-07-27,11354,55fe22417b3c8cc9ef6c48b1dae36bc74d578f68ab4c4105c2fd836c8407255d
reference-assets/official/Satellite1-Enclosures/OEM Enclosures/Satellite1.1 Smart Speaker Enclosure Kit/Geometry Files/STEP/Sat1.x - Top Plate single material.step,Satellite1-Enclosures,https://github.com/FutureProofHomes/Satellite1-Enclosures,6fc46571a72873989bf0e0cd14a2f17f0429ba71,OEM Enclosures/Satellite1.1 Smart Speaker Enclosure Kit/Geometry Files/STEP/Sat1.x - Top Plate single material.step,CERN-OHL-S-2.0,2026-07-27,1357443,0ec21d0c5c77a57fb0f5bfd3d7ee939767cb7a2ce1ff0c21d26c57e0e60b58da
reference-assets/official/Satellite1-Enclosures/OEM Enclosures/Satellite1.1 Smart Speaker Enclosure Kit/Geometry Files/STEP/Sat1.x large - Chamber back - Wifi pocket + Bass port.step,Satellite1-Enclosures,https://github.com/FutureProofHomes/Satellite1-Enclosures,6fc46571a72873989bf0e0cd14a2f17f0429ba71,OEM Enclosures/Satellite1.1 Smart Speaker Enclosure Kit/Geometry Files/STEP/Sat1.x large - Chamber back - Wifi pocket + Bass port.step,CERN-OHL-S-2.0,2026-07-27,54101829,6942ef7332fcc345e15c6708b5fb1f65c986ce2d2a067fb7ff1b04b9455aaa42
reference-assets/official/Satellite1-Enclosures/OEM Enclosures/Satellite1.1 Smart Speaker Enclosure Kit/Geometry Files/STEP/Sat1.x large - Chamber front - FPH Woofer +Tweeter + LD2450 pocket.step,Satellite1-Enclosures,https://github.com/FutureProofHomes/Satellite1-Enclosures,6fc46571a72873989bf0e0cd14a2f17f0429ba71,OEM Enclosures/Satellite1.1 Smart Speaker Enclosure Kit/Geometry Files/STEP/Sat1.x large - Chamber front - FPH Woofer +Tweeter + LD2450 pocket.step,CERN-OHL-S-2.0,2026-07-27,51725102,5450d5c15128d3433da57712f808e89f93c09810d64ac6a78836d9f80df39529
reference-assets/official/Satellite1-Enclosures/OEM Enclosures/Satellite1.1 Smart Speaker Enclosure Kit/Geometry Files/STEP/Sat1.x large - Screwing guide.step,Satellite1-Enclosures,https://github.com/FutureProofHomes/Satellite1-Enclosures,6fc46571a72873989bf0e0cd14a2f17f0429ba71,OEM Enclosures/Satellite1.1 Smart Speaker Enclosure Kit/Geometry Files/STEP/Sat1.x large - Screwing guide.step,CERN-OHL-S-2.0,2026-07-27,2650541,3336105983ac518fc8e03c3dc38ee16b007c5a22beab254a15313487939eacfb
reference-assets/official/Satellite1-Enclosures/OEM Enclosures/Satellite1.1 Smart Speaker Enclosure Kit/Geometry Files/STEP/Sat1.x small - Chamber with 3525 speaker.step,Satellite1-Enclosures,https://github.com/FutureProofHomes/Satellite1-Enclosures,6fc46571a72873989bf0e0cd14a2f17f0429ba71,OEM Enclosures/Satellite1.1 Smart Speaker Enclosure Kit/Geometry Files/STEP/Sat1.x small - Chamber with 3525 speaker.step,CERN-OHL-S-2.0,2026-07-27,1048022,dbabaa940170c17dcc5741c7db72fc571678c1d23ed5a7c0339c4c3bb182a27a
reference-assets/official/Satellite1-Enclosures/OEM Enclosures/Satellite1.1 Smart Speaker Enclosure Kit/Geometry Files/STL/Sat1.x - Top Plate multi material.3mf,Satellite1-Enclosures,https://github.com/FutureProofHomes/Satellite1-Enclosures,6fc46571a72873989bf0e0cd14a2f17f0429ba71,OEM Enclosures/Satellite1.1 Smart Speaker Enclosure Kit/Geometry Files/STL/Sat1.x - Top Plate multi material.3mf,CERN-OHL-S-2.0,2026-07-27,296388,c71826c317ce9713c93fb8f1bc246e6b6cbb5a723c20beaa5002f489f2736996
reference-assets/official/Satellite1-Enclosures/OEM Enclosures/Satellite1.1 Smart Speaker Enclosure Kit/Geometry Files/STL/Sat1.x - Top Plate single material - LED Diffuser.stl,Satellite1-Enclosures,https://github.com/FutureProofHomes/Satellite1-Enclosures,6fc46571a72873989bf0e0cd14a2f17f0429ba71,OEM Enclosures/Satellite1.1 Smart Speaker Enclosure Kit/Geometry Files/STL/Sat1.x - Top Plate single material - LED Diffuser.stl,CERN-OHL-S-2.0,2026-07-27,623284,251ad71248cad26925406f5d35aaa812d941391d1ed473c22b5287a740112600
reference-assets/official/Satellite1-Enclosures/OEM Enclosures/Satellite1.1 Smart Speaker Enclosure Kit/Geometry Files/STL/Sat1.x - Top Plate single material.stl,Satellite1-Enclosures,https://github.com/FutureProofHomes/Satellite1-Enclosures,6fc46571a72873989bf0e0cd14a2f17f0429ba71,OEM Enclosures/Satellite1.1 Smart Speaker Enclosure Kit/Geometry Files/STL/Sat1.x - Top Plate single material.stl,CERN-OHL-S-2.0,2026-07-27,2365484,9bd018884e22b4a7aa456afc2495da41aa6a8f8d93ced5cba60b99e4e5786b38
reference-assets/official/Satellite1-Enclosures/OEM Enclosures/Satellite1.1 Smart Speaker Enclosure Kit/Geometry Files/STL/Sat1.x large - Chamber back - Wifi pocket + Bass port.stl,Satellite1-Enclosures,https://github.com/FutureProofHomes/Satellite1-Enclosures,6fc46571a72873989bf0e0cd14a2f17f0429ba71,OEM Enclosures/Satellite1.1 Smart Speaker Enclosure Kit/Geometry Files/STL/Sat1.x large - Chamber back - Wifi pocket + Bass port.stl,CERN-OHL-S-2.0,2026-07-27,4499784,c3c44100a788dbdbc6b35c224eae78f7b2e1a1709dca2f66d4e59c7a789f84ff
reference-assets/official/Satellite1-Enclosures/OEM Enclosures/Satellite1.1 Smart Speaker Enclosure Kit/Geometry Files/STL/Sat1.x large - Chamber front - FPH Woofer +Tweeter + LD2450 pocket.stl,Satellite1-Enclosures,https://github.com/FutureProofHomes/Satellite1-Enclosures,6fc46571a72873989bf0e0cd14a2f17f0429ba71,OEM Enclosures/Satellite1.1 Smart Speaker Enclosure Kit/Geometry Files/STL/Sat1.x large - Chamber front - FPH Woofer +Tweeter + LD2450 pocket.stl,CERN-OHL-S-2.0,2026-07-27,4234084,491e4d5bfe6c272713f950a865e0f56674f6db4511cd73c7b2a464500c2500bc
reference-assets/official/Satellite1-Enclosures/OEM Enclosures/Satellite1.1 Smart Speaker Enclosure Kit/Geometry Files/STL/Sat1.x large - Screwing guide.stl,Satellite1-Enclosures,https://github.com/FutureProofHomes/Satellite1-Enclosures,6fc46571a72873989bf0e0cd14a2f17f0429ba71,OEM Enclosures/Satellite1.1 Smart Speaker Enclosure Kit/Geometry Files/STL/Sat1.x large - Screwing guide.stl,CERN-OHL-S-2.0,2026-07-27,292584,89aaceb327bf70e8c1fff421f8577b7c875a34b40348e807748e1be9b542acee
reference-assets/official/Satellite1-Enclosures/OEM Enclosures/Satellite1.1 Smart Speaker Enclosure Kit/Geometry Files/STL/Sat1.x small - Chamber with 3525 speaker.stl,Satellite1-Enclosures,https://github.com/FutureProofHomes/Satellite1-Enclosures,6fc46571a72873989bf0e0cd14a2f17f0429ba71,OEM Enclosures/Satellite1.1 Smart Speaker Enclosure Kit/Geometry Files/STL/Sat1.x small - Chamber with 3525 speaker.stl,CERN-OHL-S-2.0,2026-07-27,1839384,f0434cd2103a296978b99ce18c8b16f3fd5169809155c8f2a2c063ce13c3abaf
reference-assets/official/Satellite1-Enclosures/OEM Enclosures/Satellite1.1 Smart Speaker Enclosure Kit/Sat 1.x Enclosure large - multimaterial grey (Bambu Studio Projectfile).3mf,Satellite1-Enclosures,https://github.com/FutureProofHomes/Satellite1-Enclosures,6fc46571a72873989bf0e0cd14a2f17f0429ba71,OEM Enclosures/Satellite1.1 Smart Speaker Enclosure Kit/Sat 1.x Enclosure large - multimaterial grey (Bambu Studio Projectfile).3mf,CERN-OHL-S-2.0,2026-07-27,2277678,68fb44cd0049ac6f1b9f70cde3239c1d0c3eeed59435d574eb0156d90b2f52ff
reference-assets/official/Satellite1-Enclosures/OEM Enclosures/Satellite1.1 Smart Speaker Enclosure Kit/Sat 1.x Enclosure large - multimaterial grey (Orca Slicer Projectfile).3mf,Satellite1-Enclosures,https://github.com/FutureProofHomes/Satellite1-Enclosures,6fc46571a72873989bf0e0cd14a2f17f0429ba71,OEM Enclosures/Satellite1.1 Smart Speaker Enclosure Kit/Sat 1.x Enclosure large - multimaterial grey (Orca Slicer Projectfile).3mf,CERN-OHL-S-2.0,2026-07-27,2333956,c69044caf2797d6c2d51387bbfb4b62b59489894e2d0488ad9390e31b4becec1
reference-assets/official/Satellite1-Enclosures/OEM Enclosures/Satellite1.1 Smart Speaker Enclosure Kit/Sat 1.x Enclosure large - multimaterial white (Bambu Studio Projectfile).3mf,Satellite1-Enclosures,https://github.com/FutureProofHomes/Satellite1-Enclosures,6fc46571a72873989bf0e0cd14a2f17f0429ba71,OEM Enclosures/Satellite1.1 Smart Speaker Enclosure Kit/Sat 1.x Enclosure large - multimaterial white (Bambu Studio Projectfile).3mf,CERN-OHL-S-2.0,2026-07-27,2286901,da20ed38b818bfe9849195e25ede19040514173c132c9b7b019aebb0c014d651
reference-assets/official/Satellite1-Enclosures/OEM Enclosures/Satellite1.1 Smart Speaker Enclosure Kit/Sat 1.x Enclosure large - multimaterial white (Orca Slicer Projectfile).3mf,Satellite1-Enclosures,https://github.com/FutureProofHomes/Satellite1-Enclosures,6fc46571a72873989bf0e0cd14a2f17f0429ba71,OEM Enclosures/Satellite1.1 Smart Speaker Enclosure Kit/Sat 1.x Enclosure large - multimaterial white (Orca Slicer Projectfile).3mf,CERN-OHL-S-2.0,2026-07-27,2324781,715af6cd690ba322622ae9871b88f5a38974db8cbf3a35a9f6a755b05e37dd32
reference-assets/official/Satellite1-Enclosures/OEM Enclosures/Satellite1.1 Smart Speaker Enclosure Kit/Sat 1.x Enclosure large - singlematerial (Bambu Studio Projectfile).3mf,Satellite1-Enclosures,https://github.com/FutureProofHomes/Satellite1-Enclosures,6fc46571a72873989bf0e0cd14a2f17f0429ba71,OEM Enclosures/Satellite1.1 Smart Speaker Enclosure Kit/Sat 1.x Enclosure large - singlematerial (Bambu Studio Projectfile).3mf,CERN-OHL-S-2.0,2026-07-27,2708633,b550f2122898d76bf36e85c1002737b7efbf340f10c23a8abd2ebe62092c90ce
reference-assets/official/Satellite1-Enclosures/OEM Enclosures/Satellite1.1 Smart Speaker Enclosure Kit/Sat 1.x Enclosure large - singlematerial (Orca Slicer Projectfile).3mf,Satellite1-Enclosures,https://github.com/FutureProofHomes/Satellite1-Enclosures,6fc46571a72873989bf0e0cd14a2f17f0429ba71,OEM Enclosures/Satellite1.1 Smart Speaker Enclosure Kit/Sat 1.x Enclosure large - singlematerial (Orca Slicer Projectfile).3mf,CERN-OHL-S-2.0,2026-07-27,2771104,5c8266ac09b33b5418caf1e5b36418046f6e130434e401bebabd1bfb6ab59303
reference-assets/official/Satellite1-Enclosures/OEM Enclosures/Satellite1.1 Smart Speaker Enclosure Kit/Sat 1.x Enclosure small - multimaterial grey (Bambu Studio Projectfile).3mf,Satellite1-Enclosures,https://github.com/FutureProofHomes/Satellite1-Enclosures,6fc46571a72873989bf0e0cd14a2f17f0429ba71,OEM Enclosures/Satellite1.1 Smart Speaker Enclosure Kit/Sat 1.x Enclosure small - multimaterial grey (Bambu Studio Projectfile).3mf,CERN-OHL-S-2.0,2026-07-27,1521395,39135ac54e275608fb755ce29a91917c8bd8e5235ace4322a4dcf1a02ced437a
reference-assets/official/Satellite1-Enclosures/OEM Enclosures/Satellite1.1 Smart Speaker Enclosure Kit/Sat 1.x Enclosure small - multimaterial grey (Orca Slicer Projectfile).3mf,Satellite1-Enclosures,https://github.com/FutureProofHomes/Satellite1-Enclosures,6fc46571a72873989bf0e0cd14a2f17f0429ba71,OEM Enclosures/Satellite1.1 Smart Speaker Enclosure Kit/Sat 1.x Enclosure small - multimaterial grey (Orca Slicer Projectfile).3mf,CERN-OHL-S-2.0,2026-07-27,1532056,319f79eaf1a5ba6f42920500a50f7778fa45e984b001b05603ee0dfc5b7efa5f
reference-assets/official/Satellite1-Enclosures/OEM Enclosures/Satellite1.1 Smart Speaker Enclosure Kit/Sat 1.x Enclosure small - multimaterial white (Bambu Studio Projectfile).3mf,Satellite1-Enclosures,https://github.com/FutureProofHomes/Satellite1-Enclosures,6fc46571a72873989bf0e0cd14a2f17f0429ba71,OEM Enclosures/Satellite1.1 Smart Speaker Enclosure Kit/Sat 1.x Enclosure small - multimaterial white (Bambu Studio Projectfile).3mf,CERN-OHL-S-2.0,2026-07-27,1529146,29237f8bd8994ce44ec28411902dba24bb89e29ce7304c3cb96b539b983ee848
reference-assets/official/Satellite1-Enclosures/OEM Enclosures/Satellite1.1 Smart Speaker Enclosure Kit/Sat 1.x Enclosure small - multimaterial white (Orca Slicer Projectfile).3mf,Satellite1-Enclosures,https://github.com/FutureProofHomes/Satellite1-Enclosures,6fc46571a72873989bf0e0cd14a2f17f0429ba71,OEM Enclosures/Satellite1.1 Smart Speaker Enclosure Kit/Sat 1.x Enclosure small - multimaterial white (Orca Slicer Projectfile).3mf,CERN-OHL-S-2.0,2026-07-27,1528423,477d66aa7c913878820a020a1c96b9d1e38d348c319c263385e1b1d65836f695
reference-assets/official/Satellite1-Enclosures/OEM Enclosures/Satellite1.1 Smart Speaker Enclosure Kit/Sat 1.x Enclosure small - singlematerial (Bambu Studio Projectfile).3mf,Satellite1-Enclosures,https://github.com/FutureProofHomes/Satellite1-Enclosures,6fc46571a72873989bf0e0cd14a2f17f0429ba71,OEM Enclosures/Satellite1.1 Smart Speaker Enclosure Kit/Sat 1.x Enclosure small - singlematerial (Bambu Studio Projectfile).3mf,CERN-OHL-S-2.0,2026-07-27,1949633,d729208210f612e94538e0a0a78dfe0ec84fae23bccc59ce118fd3d56b148c37
reference-assets/official/Satellite1-Enclosures/OEM Enclosures/Satellite1.1 Smart Speaker Enclosure Kit/Sat 1.x Enclosure small - singlematerial (Orca Slicer Projectfile).3mf,Satellite1-Enclosures,https://github.com/FutureProofHomes/Satellite1-Enclosures,6fc46571a72873989bf0e0cd14a2f17f0429ba71,OEM Enclosures/Satellite1.1 Smart Speaker Enclosure Kit/Sat 1.x Enclosure small - singlematerial (Orca Slicer Projectfile).3mf,CERN-OHL-S-2.0,2026-07-27,1974859,b1ccb61ca5fd615edbd4053a24169ffa1ffcd76638a213d2057b302e409bd9b6
reference-assets/official/Satellite1-Enclosures/assets/Core R2024.12.06.step,Satellite1-Enclosures,https://github.com/FutureProofHomes/Satellite1-Enclosures,6fc46571a72873989bf0e0cd14a2f17f0429ba71,assets/Core R2024.12.06.step,CERN-OHL-S-2.0,2026-07-27,12659288,fa70e267e435a7de875d75d590001f33219fd744b86bdfb1e0ba5536eb78c015
reference-assets/official/Satellite1-Enclosures/assets/Core R2024.12.06.stl,Satellite1-Enclosures,https://github.com/FutureProofHomes/Satellite1-Enclosures,6fc46571a72873989bf0e0cd14a2f17f0429ba71,assets/Core R2024.12.06.stl,CERN-OHL-S-2.0,2026-07-27,6887684,3b562334fe86b7f32fbcb094861eda8ea02ea1bcf8abf988e06aff9c8bf84876
reference-assets/official/Satellite1-Enclosures/assets/Core R2025.03.18.step,Satellite1-Enclosures,https://github.com/FutureProofHomes/Satellite1-Enclosures,6fc46571a72873989bf0e0cd14a2f17f0429ba71,assets/Core R2025.03.18.step,CERN-OHL-S-2.0,2026-07-27,13224540,1cd10aa5806107394bc5eeceb34bafbc914e30191776f8c4ff21c316565006bf
reference-assets/official/Satellite1-Enclosures/assets/Core R2025.03.stl,Satellite1-Enclosures,https://github.com/FutureProofHomes/Satellite1-Enclosures,6fc46571a72873989bf0e0cd14a2f17f0429ba71,assets/Core R2025.03.stl,CERN-OHL-S-2.0,2026-07-27,7310434,821d7372481b67e8571f315dfb0a6a73741feb40f1acc2e356c6e00e673c1d21
reference-assets/official/Satellite1-Enclosures/assets/Hat R2024.12.06.step,Satellite1-Enclosures,https://github.com/FutureProofHomes/Satellite1-Enclosures,6fc46571a72873989bf0e0cd14a2f17f0429ba71,assets/Hat R2024.12.06.step,CERN-OHL-S-2.0,2026-07-27,39142581,2e38c90fedb1b4de88adfa60cecf83595aa7624ec1c4af884f121b76c10c1368
reference-assets/official/Satellite1-Enclosures/assets/Hat R2024.12.06.stl,Satellite1-Enclosures,https://github.com/FutureProofHomes/Satellite1-Enclosures,6fc46571a72873989bf0e0cd14a2f17f0429ba71,assets/Hat R2024.12.06.stl,CERN-OHL-S-2.0,2026-07-27,17794884,273f21d7c542ab083854c4c6993223a885e0c607271be1affd4f7719c1fc11f9
reference-assets/official/Satellite1-Enclosures/assets/Hat R2025.03.18.step,Satellite1-Enclosures,https://github.com/FutureProofHomes/Satellite1-Enclosures,6fc46571a72873989bf0e0cd14a2f17f0429ba71,assets/Hat R2025.03.18.step,CERN-OHL-S-2.0,2026-07-27,26299996,b7d58e9357d342048265f52b1321d9d4cc4f376237bb485ee1a48a22e11230fd
reference-assets/official/Satellite1-Enclosures/assets/Hat R2025.03.stl,Satellite1-Enclosures,https://github.com/FutureProofHomes/Satellite1-Enclosures,6fc46571a72873989bf0e0cd14a2f17f0429ba71,assets/Hat R2025.03.stl,CERN-OHL-S-2.0,2026-07-27,14611184,d8f62980b4d2920bc2d0b55cc660b98ff6ab181f8ce6efe5b35b2c5f31336486
reference-assets/official/Satellite1-Hardware/core/rev4.1core3D.step,Satellite1-Hardware,https://github.com/FutureProofHomes/Satellite1-Hardware,2eb08ffaed8d9852d19b8acc86728d1af93d1c24,core/rev4.1core3D.step,CERN-OHL-S-2.0,2026-07-27,4019711,bd3e7e4440fa621baa473b7017b4b22e815e655924c1d0c865c2e187f4229298
reference-assets/official/Satellite1-Hardware/core/rev5.1core3D.step,Satellite1-Hardware,https://github.com/FutureProofHomes/Satellite1-Hardware,2eb08ffaed8d9852d19b8acc86728d1af93d1c24,core/rev5.1core3D.step,CERN-OHL-S-2.0,2026-07-27,6329723,56be183abf6e71d0b34f4c912f5503f4d9f281eb47cacb259529409b2847d699
reference-assets/official/Satellite1-Hardware/hat/rev4.1hat3D.step,Satellite1-Hardware,https://github.com/FutureProofHomes/Satellite1-Hardware,2eb08ffaed8d9852d19b8acc86728d1af93d1c24,hat/rev4.1hat3D.step,CERN-OHL-S-2.0,2026-07-27,16916010,8de0d0938d5308d47f4754a6437af1902b44e4a3530ae8090dd7e325e86fb71e
reference-assets/official/Satellite1-Hardware/hat/rev6.1hat3D.step,Satellite1-Hardware,https://github.com/FutureProofHomes/Satellite1-Hardware,2eb08ffaed8d9852d19b8acc86728d1af93d1c24,hat/rev6.1hat3D.step,CERN-OHL-S-2.0,2026-07-27,22571393,edd496670b47141d7fd8c7aa3a6f6d312b5195616e01f2a052db295e72517239
reference-assets/official/Satellite1-Hardware/shim/rev1shim3D.step,Satellite1-Hardware,https://github.com/FutureProofHomes/Satellite1-Hardware,2eb08ffaed8d9852d19b8acc86728d1af93d1c24,shim/rev1shim3D.step,CERN-OHL-S-2.0,2026-07-27,9794558,1fcacb08f98247130bbe9a8ec74d3d4e7d35a2bae2f21105efdfb0a337d18650
reference-assets/official/Satellite1-Hardware/shoe/rev1shoe3D.step,Satellite1-Hardware,https://github.com/FutureProofHomes/Satellite1-Hardware,2eb08ffaed8d9852d19b8acc86728d1af93d1c24,shoe/rev1shoe3D.step,CERN-OHL-S-2.0,2026-07-27,18940669,4db72653a518f4fcba8cb388ee21ad50c2224457d0cbb24a010465eeb5bb3064
