id,severity,risk,consequence,mitigation,owner,state,evidence
R-01,HIGH,Driver and radiator flange thicknesses are not dimensioned,The clamp hard stop can under-compress or over-compress a gasket.,"Measure both purchased components, enter the values in config/physical_calibration.yaml, and pass both component coupons.",builder,OPEN,REQUIRES_PHYSICAL_VALIDATION
R-02,HIGH,Core board placement is absent from the official assembled CAD,A source-only claim of exact Core placement would be unsupported.,The CAD reserves a Core-sized service volume. Confirm the official Core/HAT stack against the physical Batch 1 kit before closing the upper stack.,builder,OPEN,REQUIRES_PHYSICAL_VALIDATION
R-03,HIGH,Low-frequency output is excursion limited,Full amplifier voltage below tuning can exceed driver or radiator travel.,"Start with the documented fourth-order high-pass, verify polarity and tuning with an impedance sweep, then set DSP from measurements.",builder,OPEN,ENGINEERING_ESTIMATE
R-04,MEDIUM,Printed walls and compressed seals have not been leak tested,A leak can remove the expected passive-radiator bass response.,"Use the temporary leak-test adapter at 100-250 Pa, inspect every joint, and then confirm the final cable gland by impedance measurement.",builder,OPEN,REQUIRES_PHYSICAL_VALIDATION
R-05,MEDIUM,Printer dimensional performance is unknown,Nominal CAD clearances may become interference or loose fits.,Complete all eight calibration checks and regenerate with make calibrated-release before any full-size print.,builder,OPEN,REQUIRES_PHYSICAL_VALIDATION
R-06,MEDIUM,"Wake-word, Wi-Fi, LED, and button performance are unmeasured",The final enclosure can affect radio and acoustic behavior even when openings clear.,Run the controlled bare-kit versus enclosed-kit commissioning tests.,builder,OPEN,REQUIRES_PHYSICAL_VALIDATION
R-07,MEDIUM,Closed-shroud thermal behavior is unmeasured,The Core or amplifier may throttle or exceed a safe temperature margin.,Perform the documented 25 C and 35 C thermal soaks with instrumented hardware.,builder,OPEN,REQUIRES_PHYSICAL_VALIDATION
R-08,LOW,"Insert pullout strength depends on printer, material, and installation",An insert can rotate or pull free during service.,"Select the coupon bore that installs square, torque-test it cold, and reserve the 250 N pull test for formal physical validation.",builder,OPEN,REQUIRES_PHYSICAL_VALIDATION
R-09,LOW,Satellite1.1 / Batch 2 is not supported by this release,Its external Wi-Fi antenna and service interfaces are not accommodated.,Use only Batch 1 rev4.1 Core + rev4.1 HAT. Add a validated adapter before claiming Batch 2 compatibility.,maintainer,OPEN,DERIVED_FROM_OFFICIAL_CAD
